{
    "faces":[11,1,4,5,7,0,0,0,0,0,11,3,6,5,4,0,0,0,0,0,11,6,0,7,5,0,0,0,0,0,11,2,0,6,3,0,0,0,0,0,11,0,2,1,7,0,0,0,0,0,11,11,10,9,8,0,0,0,0,0,11,15,12,13,14,1,1,2,3,4,11,11,8,12,15,0,0,0,0,0,11,9,10,14,13,0,0,0,0,0,11,10,11,15,14,0,0,0,0,0,11,8,9,13,12,0,0,0,0,0],
    "vertices":[0.94256,68.3504,0.404532,0.94256,-0.131641,-0.535545,0.94256,-0.131641,0.404534,-1.01582,-0.131641,0.404472,-1.01582,-0.131641,-0.535545,-1.01582,68.3504,-0.535548,-1.01582,68.3504,0.404469,0.94256,68.3504,-0.535548,8.4701,72.17,-0.535698,8.4701,55.1565,-0.5357,-8.54335,55.1565,-0.5357,-8.54335,72.17,-0.535698,8.4701,72.17,-0.722234,8.4701,55.1565,-0.722236,-8.54335,55.1565,-0.722236,-8.54335,72.17,-0.722234],
    "metadata":{
        "vertices":16,
        "generator":"io_three",
        "faces":11,
        "materials":2,
        "type":"Geometry",
        "version":3,
        "uvs":1
    },
    "uvs":[[0,0,0.967373,0.967696,0.032304,0.967373,0.032627,0.032304,0.967696,0.032627]],
    "materials":[{
        "specularCoef":50,
        "wireframe":false,
        "depthTest":true,
        "colorDiffuse":[0.4,0.4,0.4],
        "DbgColor":15597568,
        "DbgIndex":1,
        "visible":true,
        "colorSpecular":[0.3,0.3,0.3],
        "transparent":false,
        "blending":"NormalBlending",
        "depthWrite":true,
        "colorEmissive":[0,0,0],
        "shading":"phong",
        "opacity":1,
        "DbgName":"MatStd"
    },{
        "wireframe":false,
        "depthTest":true,
        "colorDiffuse":[0.64,0.64,0.64],
        "DbgColor":15658734,
        "DbgIndex":0,
        "visible":true,
        "transparent":false,
        "blending":"NormalBlending",
        "depthWrite":true,
        "colorEmissive":[0,0,0],
        "shading":"lambert",
        "opacity":1,
        "DbgName":"MatMap"
    }]
}