{
    "materials":[{
        "transparent":false,
        "blending":"NormalBlending",
        "opacity":1,
        "visible":true,
        "shading":"phong",
        "wireframe":false,
        "DbgColor":15658734,
        "colorEmissive":[0,0,0],
        "depthWrite":true,
        "DbgName":"Material",
        "depthTest":true,
        "specularCoef":50,
        "colorDiffuse":[1,0,0],
        "DbgIndex":0,
        "colorSpecular":[0.5,0.5,0.5]
    }],
    "faces":[3,0,1,2,3,0,3,4,7,6,5,0,2,1,0,11,0,2,11,4,5,0,2,12,1,11,0,2,11,5,12,0,3,12,5,6,13,0,2,3,2,13,0,2,13,6,7,0,2,10,3,13,0,2,13,7,10,0,3,11,0,3,10,0,3,4,8,9,7,0,3,4,11,10,7,0,3,9,8,11,10,0,2,11,8,4,0,2,7,9,10,0,3,1,12,13,2,0],
    "vertices":[0.484399,0.000448,-0.484399,0.484399,0.000448,0.484399,-0.484399,0.000448,0.484399,-0.484398,0.000448,-0.484399,0.484399,65.4678,-0.484401,0.484398,65.4678,0.484396,-0.484399,65.4678,0.484396,-0.484399,65.4678,-0.484402,0.484399,65.4678,-18.6863,-0.484399,65.4678,-18.6863,-0.484399,54.825,-0.484401,0.484399,54.825,-0.484401,0.484398,54.825,0.484396,-0.484399,54.825,0.484396],
    "metadata":{
        "generator":"io_three",
        "faces":18,
        "version":3,
        "type":"Geometry",
        "materials":1,
        "vertices":14
    }
}