{
    "materials":[{
        "visible":true,
        "DbgColor":15658734,
        "DbgIndex":0,
        "depthTest":true,
        "wireframe":false,
        "opacity":1,
        "transparent":false,
        "colorDiffuse":[0.4,0.4,0.4],
        "depthWrite":true,
        "colorEmissive":[0,0,0],
        "specularCoef":50,
        "colorSpecular":[0.3,0.3,0.3],
        "blending":"NormalBlending",
        "DbgName":"MatStd",
        "shading":"phong"
    },{
        "visible":true,
        "DbgColor":15597568,
        "DbgIndex":1,
        "depthTest":true,
        "wireframe":false,
        "opacity":1,
        "transparent":false,
        "colorDiffuse":[0.64,0.64,0.64],
        "depthWrite":true,
        "colorEmissive":[0,0,0],
        "blending":"NormalBlending",
        "DbgName":"MatMap",
        "shading":"lambert"
    }],
    "vertices":[-0.296134,73.6744,-1.10726,-0.296621,50.5998,-0.780993,11.2728,62.1283,-1.10726,-0.296621,50.5998,-1.10726,-11.7982,62.1335,-0.780992,-11.7982,62.1335,-1.10726,-0.296134,73.6744,-0.78099,11.2728,62.1283,-0.780992,0.652881,-0.012356,-0.800228,0.652881,-0.012356,0.110518,-1.24439,-0.012356,0.110457,-1.24439,-0.012356,-0.800228,-1.24439,67.1042,-0.800231,-1.24439,67.1042,0.110455,0.652881,67.1042,0.110516,0.652881,67.1042,-0.800231],
    "uvs":[[0,0,0.499759,-0.000311,0.999971,0.499901,0.498752,0.998361,0.001456,0.498688]],
    "metadata":{
        "materials":2,
        "uvs":1,
        "faces":11,
        "generator":"io_three",
        "version":3,
        "type":"Geometry",
        "vertices":16
    },
    "faces":[11,7,6,4,1,0,0,0,0,0,11,0,6,7,2,0,0,0,0,0,11,2,7,1,3,0,0,0,0,0,11,6,0,5,4,0,0,0,0,0,11,3,1,4,5,0,0,0,0,0,11,0,2,3,5,1,1,2,3,4,11,10,13,12,11,0,0,0,0,0,11,8,11,12,15,0,0,0,0,0,11,8,15,14,9,0,0,0,0,0,11,12,13,14,15,0,0,0,0,0,11,9,14,13,10,0,0,0,0,0]
}