{
    "faces":[11,0,3,4,7,0,0,0,0,0,11,1,6,5,2,0,0,0,0,0,11,2,5,4,3,0,0,0,0,0,11,5,6,7,4,0,0,0,0,0,11,0,7,6,1,0,0,0,0,0,10,31,9,8,1,24,1,2,10,8,10,11,1,2,3,4,10,11,12,13,1,4,5,6,10,13,14,15,1,6,7,8,10,15,16,17,1,8,9,10,10,17,18,19,1,10,11,12,10,19,20,21,1,12,13,14,10,21,22,23,1,14,15,16,10,23,24,25,1,16,17,18,10,25,26,27,1,18,19,20,10,27,28,29,1,20,21,22,10,29,30,31,1,22,23,24,10,31,8,11,1,24,2,4,10,11,13,15,1,4,6,8,10,15,17,19,1,8,10,12,10,19,21,23,1,12,14,16,10,23,25,27,1,16,18,20,10,27,29,31,1,20,22,24,10,31,11,15,1,24,4,8,10,15,19,23,1,8,12,16,10,23,27,31,1,16,20,24,10,15,23,31,1,8,16,24,10,32,33,55,0,48,25,26,10,55,54,53,0,26,27,28,10,53,52,51,0,28,29,30,10,51,50,49,0,30,31,32,10,49,48,47,0,32,33,34,10,47,46,45,0,34,35,36,10,45,44,43,0,36,37,38,10,43,42,41,0,38,39,40,10,41,40,39,0,40,41,42,10,39,38,37,0,42,43,44,10,37,36,35,0,44,45,46,10,35,34,32,0,46,47,48,10,32,55,53,0,48,26,28,10,53,51,49,0,28,30,32,10,49,47,45,0,32,34,36,10,45,43,41,0,36,38,40,10,41,39,37,0,40,42,44,10,37,35,32,0,44,46,48,10,32,53,49,0,48,28,32,10,49,45,41,0,32,36,40,10,41,37,32,0,40,44,48,10,49,41,32,0,32,40,48,11,8,9,33,32,0,48,25,25,48,11,15,14,38,39,0,42,43,43,42,11,16,15,39,40,0,41,42,42,41,11,26,25,49,50,0,31,32,32,31,11,20,19,43,44,0,37,38,38,37,11,14,13,37,38,0,43,44,44,43,11,11,10,34,35,0,46,47,47,46,11,29,28,52,53,0,28,29,29,28,11,17,16,40,41,0,40,41,41,40,11,21,20,44,45,0,36,37,37,36,11,28,27,51,52,0,29,30,30,29,11,25,24,48,49,0,32,33,33,32,11,13,12,36,37,0,44,45,45,44,11,24,23,47,48,0,33,34,34,33,11,12,11,35,36,0,45,46,46,45,11,19,18,42,43,0,38,39,39,38,11,9,31,55,33,0,25,26,26,25,11,10,8,32,34,0,47,48,48,47,11,31,30,54,55,0,26,27,27,26,11,30,29,53,54,0,27,28,28,27,11,27,26,50,51,0,30,31,31,30,11,23,22,46,47,0,34,35,35,34,11,18,17,41,42,0,39,40,40,39,11,22,21,45,46,0,35,36,36,35],
    "vertices":[0.780507,-0.367319,-0.350526,0.77965,-0.367319,0.460068,-0.909096,-0.367319,0.458245,-0.908237,-0.367319,-0.352402,-0.908237,61.9023,-0.352405,-0.909096,61.9023,0.458244,0.77965,61.9023,0.460067,0.780507,61.9023,-0.350528,2.13715,63.4242,-0.52476,-0.148095,63.725,-0.527281,4.26663,62.5421,-0.522402,6.09532,61.1389,-0.520417,7.4985,59.3103,-0.518864,8.38056,57.1808,-0.517899,8.68141,54.8955,-0.517577,8.38056,52.6103,-0.5179,7.4985,50.4808,-0.518865,6.09532,48.6521,-0.52042,4.26663,47.2489,-0.522404,2.13715,46.3669,-0.524763,-0.148096,46.066,-0.527283,-2.43334,46.3669,-0.529803,-4.56288,47.2489,-0.532108,-6.39151,48.6521,-0.534146,-7.79469,50.4808,-0.535647,-8.67675,52.6103,-0.536666,-8.97761,54.8955,-0.536986,-8.67675,57.1808,-0.536665,-7.79469,59.3103,-0.535646,-6.39151,61.1389,-0.534143,-4.56288,62.5421,-0.532106,-2.43334,63.4242,-0.5298,2.13697,63.4242,-0.363912,-0.148273,63.725,-0.366431,4.26646,62.5421,-0.361552,6.09514,61.1389,-0.359569,7.49832,59.3103,-0.358015,8.38039,57.1808,-0.35705,8.68123,54.8955,-0.356729,8.38039,52.6103,-0.357051,7.49832,50.4808,-0.358016,6.09514,48.6521,-0.359571,4.26646,47.2489,-0.361555,2.13697,46.3669,-0.363914,-0.148273,46.066,-0.366435,-2.43352,46.3669,-0.368955,-4.56306,47.2489,-0.37126,-6.39169,48.6521,-0.373298,-7.79487,50.4808,-0.374799,-8.67693,52.6103,-0.375817,-8.97778,54.8955,-0.376138,-8.67693,57.1808,-0.375816,-7.79487,59.3103,-0.374798,-6.39169,61.1389,-0.373296,-4.56305,62.5421,-0.371257,-2.43352,63.4242,-0.368952],
    "metadata":{
        "vertices":56,
        "generator":"io_three",
        "faces":73,
        "materials":2,
        "type":"Geometry",
        "version":3,
        "uvs":1
    },
    "uvs":[[0,0,0.493061,0.991182,0.36617,0.97265,0.2484,0.921907,0.147774,0.842412,0.071152,0.739582,0.023757,0.620424,0.008817,0.49306,0.027349,0.366169,0.078092,0.248399,0.157587,0.147773,0.26042,0.071152,0.379576,0.023756,0.50694,0.008816,0.633831,0.027349,0.751603,0.078091,0.852226,0.157587,0.928848,0.260419,0.976243,0.379575,0.991183,0.506939,0.972651,0.63383,0.921908,0.751602,0.842412,0.852226,0.739583,0.928847,0.620425,0.976242,0.965832,0.692953,0.999899,0.565813,0.9999,0.434186,0.965832,0.307045,0.90002,0.193054,0.806945,0.09998,0.692953,0.034168,0.565813,0.0001,0.434189,0.0001,0.307045,0.034167,0.193054,0.099979,0.09998,0.193054,0.034168,0.307045,0.0001,0.434185,0.0001,0.565809,0.034167,0.692953,0.099982,0.806946,0.193054,0.900019,0.307046,0.965831,0.434187,0.999899,0.565815,0.9999,0.692954,0.965832,0.806947,0.900017,0.90002,0.806944]],
    "materials":[{
        "specularCoef":50,
        "wireframe":false,
        "depthTest":true,
        "colorDiffuse":[0.4,0.4,0.4],
        "DbgColor":15658734,
        "DbgIndex":0,
        "visible":true,
        "colorSpecular":[0.3,0.3,0.3],
        "transparent":false,
        "blending":"NormalBlending",
        "depthWrite":true,
        "colorEmissive":[0,0,0],
        "shading":"phong",
        "opacity":1,
        "DbgName":"MatStd"
    },{
        "wireframe":false,
        "depthTest":true,
        "colorDiffuse":[0.64,0.64,0.64],
        "DbgColor":15597568,
        "DbgIndex":1,
        "visible":true,
        "transparent":false,
        "blending":"NormalBlending",
        "depthWrite":true,
        "colorEmissive":[0,0,0],
        "shading":"lambert",
        "opacity":1,
        "DbgName":"MatMap"
    }]
}