{
    "materials":[{
        "opacity":1,
        "wireframe":false,
        "DbgIndex":1,
        "colorDiffuse":[0.8,0.8,0.8],
        "transparent":false,
        "visible":true,
        "doubleSided":true,
        "blending":"NormalBlending",
        "shading":"phong",
        "colorSpecular":[0.3,0.3,0.3],
        "DbgColor":15597568,
        "colorEmissive":[0,0,0],
        "specularCoef":50,
        "depthTest":true,
        "DbgName":"white",
        "depthWrite":true
    },{
        "opacity":1,
        "wireframe":false,
        "DbgIndex":0,
        "colorDiffuse":[0.420837,0.56,0.368033],
        "transparent":false,
        "visible":true,
        "doubleSided":true,
        "blending":"NormalBlending",
        "shading":"phong",
        "colorSpecular":[0.5,0.5,0.5],
        "DbgColor":15658734,
        "colorEmissive":[0,0,0],
        "specularCoef":50,
        "depthTest":true,
        "DbgName":"green",
        "depthWrite":true
    },{
        "opacity":1,
        "wireframe":false,
        "DbgIndex":2,
        "colorDiffuse":[0.4,0.4,0.4],
        "transparent":false,
        "visible":true,
        "doubleSided":true,
        "blending":"NormalBlending",
        "shading":"phong",
        "colorSpecular":[0.3,0.3,0.3],
        "DbgColor":60928,
        "colorEmissive":[0,0,0],
        "specularCoef":50,
        "depthTest":true,
        "DbgName":"grey",
        "depthWrite":true
    }],
    "vertices":[-2.13892,4.56103,0.32114,2.13892,4.56103,0.32114,-2.13892,4.56103,1.9589,2.13892,4.56103,1.9589,-1.79431,11.1264,0.354883,1.79431,11.1264,0.354883,-1.79431,11.1397,1.93083,1.79431,11.1397,1.93083,-0,11.4343,0.500896,-1.27344,11.3833,0.476725,1.27344,11.3833,0.476725,-0,11.4539,1.79888,-1.27344,11.4019,1.82072,1.27344,11.4019,1.82072,-1.53177,11.2171,2.07984,1.53177,11.2171,2.07984,-1.97742,10.4211,2.28069,1.97742,10.4211,2.28069,-0.370579,11.3227,2.05318,0.370579,11.3227,2.05318,-0.332251,10.4046,2.28488,0.332251,10.4046,2.28488,-1.80653,10.99,2.13714,1.80653,10.99,2.13714,-0.187507,11.1282,2.10228,0.187507,11.1282,2.10228,-0.167816,10.5891,2.23831,0.167816,10.5891,2.23831,-0.545901,10.4221,1.87763,0.545901,10.4221,1.87763,-0.430514,10.5452,1.82592,0.430514,10.5452,1.82592,-0.444332,10.9049,1.67485,0.444332,10.9049,1.67485,-0.572796,11.0348,1.62032,0.572796,11.0348,1.62032,-1.70034,10.4332,1.87299,1.70034,10.4332,1.87299,-1.58043,10.8128,1.71356,1.58043,10.8128,1.71356,-1.38762,10.9643,1.64993,1.38762,10.9643,1.64993,-2.54737,10.2004,2.27266,2.54737,10.2004,2.27266,-2.54737,10.2004,0.221916,2.54737,10.2004,0.221916,0,10.2041,0.217886,0.267587,-0.042916,-0.237949,0.267587,-0.042916,0.225642,-0.267587,-0.042916,0.225642,-0.267587,-0.042916,-0.237949,0.267587,11.4076,-0.23795,0.267587,11.4076,0.225642,-0.267587,11.4076,0.225641,-0.267587,11.4076,-0.23795,-2.52777,9.92966,2.2576,-2.52777,9.92966,0.226679,2.52777,9.92966,0.226679,2.52777,9.92966,2.2576],
    "faces":[3,55,2,3,58,0,3,0,1,3,2,0,2,57,56,44,1,2,44,46,45,1,2,44,45,57,1,3,0,2,55,56,0,3,42,6,4,44,1,3,5,7,43,45,1,3,4,6,12,9,1,3,13,7,5,10,1,3,11,8,9,12,1,3,10,8,11,13,1,3,11,12,14,18,1,3,15,13,11,19,1,3,39,37,17,23,1,2,6,22,14,1,2,15,23,7,1,2,6,14,12,1,2,13,15,7,1,3,26,30,28,20,1,3,29,31,27,21,1,3,24,32,30,26,1,3,31,33,25,27,1,3,18,34,32,24,1,3,33,35,19,25,1,3,22,6,42,16,1,3,23,17,43,7,1,3,22,38,40,14,1,3,41,39,23,15,1,3,20,28,36,16,1,3,37,29,21,17,1,3,14,40,34,18,1,3,35,41,15,19,1,3,36,38,22,16,1,3,26,20,21,27,1,3,57,58,3,1,0,2,8,10,46,1,2,5,46,10,1,2,5,45,46,1,2,8,46,9,1,2,4,9,46,1,2,4,46,44,1,3,52,51,54,53,2,3,51,52,48,47,2,3,53,54,50,49,2,3,48,52,53,49,2,3,50,54,51,47,2,3,24,26,27,25,1,2,18,19,11,1,3,24,25,19,18,1,3,40,38,32,34,2,2,30,36,28,2,3,38,36,30,32,2,3,35,33,39,41,2,3,37,39,33,31,2,2,31,29,37,2,2,20,16,42,1,2,42,43,17,1,2,21,20,42,1,2,42,17,21,1,3,45,43,58,57,1,3,42,44,56,55,1,3,0,56,57,1,0,3,42,55,58,43,1],
    "metadata":{
        "materials":3,
        "vertices":59,
        "faces":64,
        "generator":"io_three",
        "type":"Geometry",
        "version":3
    }
}