{
    "influencesPerVertex":2,
    "skinIndices":[],
    "normals":[-0.8,0.6,0,0,0.6,-0.8,0.8,0.6,0,0,0.6,0.8,0,-1,0,-1.26319e-14,-1,5.96046e-08,0,1,0,1,5.96045e-08,2.78155e-07,-2.78155e-07,-1.78814e-07,1,-1,-1.49012e-07,-2.1855e-07,2.38419e-07,2.98023e-07,-1],
    "materials":[{
        "specularCoef":50,
        "opacity":1,
        "colorEmissive":[0,0,0],
        "doubleSided":false,
        "visible":true,
        "colorSpecular":[0.5,0.5,0.5],
        "DbgName":"Material.001",
        "depthTest":true,
        "blending":"NormalBlending",
        "DbgIndex":1,
        "shading":"phong",
        "depthWrite":true,
        "colorDiffuse":[0.64,0.0343464,0.0414275],
        "DbgColor":15597568,
        "transparent":false,
        "wireframe":false
    },{
        "specularCoef":50,
        "opacity":1,
        "colorEmissive":[0,0,0],
        "doubleSided":false,
        "visible":true,
        "colorSpecular":[0.5,0.5,0.5],
        "DbgName":"Material",
        "depthTest":true,
        "blending":"NormalBlending",
        "DbgIndex":0,
        "shading":"phong",
        "depthWrite":true,
        "colorDiffuse":[0.8,0.8,0.8],
        "DbgColor":15658734,
        "transparent":false,
        "wireframe":false
    }],
    "skinWeights":[],
    "faces":[34,0,1,2,0,0,0,0,34,2,1,4,0,1,1,1,34,4,1,3,0,2,2,2,34,3,1,0,0,3,3,3,35,3,0,2,4,0,4,4,4,4,35,5,6,7,8,1,5,5,5,5,35,9,12,11,10,1,6,6,6,6,35,5,9,10,6,1,7,7,7,7,35,6,10,11,7,1,8,8,8,8,35,7,11,12,8,1,9,9,9,9,35,9,5,8,12,1,10,10,10,10],
    "vertices":[-1.5,2,1.5,0,4,-1.74846e-07,-1.5,2,-1.5,1.5,2,1.5,1.5,2,-1.5,1.5,-1.19209e-07,-1.5,1.5,5.96046e-08,1.5,-1.5,5.96046e-08,1.5,-1.5,-1.19209e-07,-1.5,1.5,2,-1.5,1.5,2,1.5,-1.5,2,1.5,-1.5,2,-1.5],
    "metadata":{
        "uvs":0,
        "type":"Geometry",
        "materials":2,
        "normals":11,
        "faces":11,
        "vertices":13,
        "version":3,
        "generator":"io_three"
    },
    "uvs":[]
}