{
    "vertices":[0.949067,-0.130489,-0.430505,0.949067,-0.130491,0.3447,-0.665844,-0.130491,0.344648,-0.665844,-0.130489,-0.430505,-0.665844,58.5593,-0.430508,-0.665844,58.5593,0.344646,0.949067,58.5593,0.344698,0.949067,58.5593,-0.430508,9.95336,59.6435,-0.605676,0.122737,42.6668,-0.605682,-9.7169,59.6382,-0.605684,9.95336,59.6435,-0.438391,0.122737,42.6668,-0.438397,-9.7169,59.6382,-0.438399],
    "faces":[11,1,6,5,2,0,0,0,0,0,11,2,5,4,3,0,0,0,0,0,11,0,3,4,7,0,0,0,0,0,11,0,7,6,1,0,0,0,0,0,11,5,6,7,4,0,0,0,0,0,10,9,10,8,1,1,2,3,10,12,11,13,0,0,0,0,11,9,8,11,12,0,0,0,0,0,11,10,9,12,13,0,0,0,0,0,11,8,10,13,11,0,0,0,0,0],
    "uvs":[[0,0,0.967377,0.948326,0.025528,0.948326,0.498983,0.023678]],
    "metadata":{
        "vertices":14,
        "faces":10,
        "uvs":1,
        "generator":"io_three",
        "version":3,
        "materials":2,
        "type":"Geometry"
    },
    "materials":[{
        "opacity":1,
        "colorSpecular":[0.3,0.3,0.3],
        "colorEmissive":[0,0,0],
        "wireframe":false,
        "transparent":false,
        "DbgIndex":0,
        "DbgColor":15658734,
        "DbgName":"MatStd",
        "visible":true,
        "depthWrite":true,
        "shading":"phong",
        "specularCoef":50,
        "depthTest":true,
        "blending":"NormalBlending",
        "colorDiffuse":[0.4,0.4,0.4]
    },{
        "opacity":1,
        "colorEmissive":[0,0,0],
        "wireframe":false,
        "transparent":false,
        "DbgIndex":1,
        "DbgColor":15597568,
        "DbgName":"MatMap",
        "visible":true,
        "depthWrite":true,
        "shading":"lambert",
        "depthTest":true,
        "blending":"NormalBlending",
        "colorDiffuse":[0.64,0.64,0.64]
    }]
}