{
    "materials":[{
        "visible":true,
        "DbgColor":15658734,
        "DbgIndex":0,
        "depthTest":true,
        "wireframe":false,
        "opacity":1,
        "transparent":false,
        "colorDiffuse":[0.4,0.4,0.4],
        "depthWrite":true,
        "colorEmissive":[0,0,0],
        "specularCoef":50,
        "colorSpecular":[0.3,0.3,0.3],
        "blending":"NormalBlending",
        "DbgName":"MatStd",
        "shading":"phong"
    },{
        "visible":true,
        "DbgColor":15597568,
        "DbgIndex":1,
        "depthTest":true,
        "wireframe":false,
        "opacity":1,
        "transparent":false,
        "colorDiffuse":[0.64,0.64,0.64],
        "depthWrite":true,
        "colorEmissive":[0,0,0],
        "blending":"NormalBlending",
        "DbgName":"MatMap",
        "shading":"lambert"
    }],
    "vertices":[0.949067,-0.130491,-0.430506,0.949067,-0.130491,0.344699,0.949067,60.2104,-0.430509,-0.665844,-0.130491,0.344647,-0.665844,60.2104,-0.430509,-0.665844,-0.130491,-0.430506,-0.665844,60.2104,0.344645,0.949067,60.2104,0.344697,9.95336,47.8432,-0.605394,-9.7169,47.8485,-0.605402,0.122737,64.82,-0.605396,9.95336,47.8432,-0.438109,-9.7169,47.8485,-0.438117,0.122737,64.82,-0.438111],
    "uvs":[[0,0,0.999907,0.022333,0.500232,1.00756,9.3e-05,0.0226]],
    "metadata":{
        "materials":2,
        "uvs":1,
        "faces":10,
        "generator":"io_three",
        "version":3,
        "type":"Geometry",
        "vertices":14
    },
    "faces":[11,0,2,7,1,0,0,0,0,0,11,3,6,4,5,0,0,0,0,0,11,0,5,4,2,0,0,0,0,0,11,1,7,6,3,0,0,0,0,0,11,4,6,7,2,0,0,0,0,0,10,9,10,8,1,1,2,3,10,12,11,13,0,0,0,0,11,10,13,11,8,0,0,0,0,0,11,9,12,13,10,0,0,0,0,0,11,8,11,12,9,0,0,0,0,0]
}