{
    "vertices":[-3.06574,53.5633,-0.496976,-7.21899,49.4077,-0.496976,2.8095,53.565,-0.496976,6.96507,49.4117,-0.496976,6.96675,43.5365,-0.496977,2.8135,39.3809,-0.496977,-3.06174,39.3793,-0.496977,-7.21731,43.5325,-0.496977,-3.06574,53.5633,-0.360567,-7.21899,49.4077,-0.360567,2.8095,53.565,-0.360567,6.96507,49.4117,-0.360567,6.96675,43.5365,-0.360568,2.8135,39.3809,-0.360568,-3.06174,39.3793,-0.360568,-7.21731,43.5325,-0.360568,0.541468,0.109133,-0.360338,0.541468,0.109133,0.32712,-0.89065,0.109133,0.327074,-0.89065,0.109133,-0.360338,-0.89065,50.0991,-0.360341,-0.89065,50.0991,0.327072,0.541468,50.0991,0.327117,0.541468,50.0991,-0.360341],
    "faces":[10,0,2,3,0,7,0,1,10,3,4,5,0,1,2,3,10,5,6,7,0,3,4,5,10,7,1,0,0,5,6,7,10,0,3,5,0,7,1,3,10,5,7,0,0,3,5,7,10,11,10,8,1,15,8,9,10,8,9,15,1,9,10,11,10,15,14,13,1,11,12,13,10,13,12,11,1,13,14,15,10,11,8,15,1,15,9,11,10,15,13,11,1,11,13,15,11,2,0,8,10,1,16,17,18,19,11,0,1,9,8,1,16,17,18,19,11,5,4,12,13,1,16,17,18,19,11,3,2,10,11,1,16,17,18,19,11,7,6,14,15,1,16,17,18,19,11,6,5,13,14,1,16,17,18,19,11,1,7,15,9,1,16,17,18,19,11,4,3,11,12,1,16,17,18,19,11,16,19,20,23,1,16,16,16,16,11,17,22,21,18,1,16,16,16,16,11,18,21,20,19,1,16,16,16,16,11,16,23,22,17,1,16,16,16,16,11,21,22,23,20,1,16,16,16,16],
    "metadata":{
        "vertices":24,
        "version":3,
        "uvs":1,
        "faces":25,
        "materials":2,
        "type":"Geometry",
        "generator":"io_three"
    },
    "materials":[{
        "transparent":false,
        "colorEmissive":[0,0,0],
        "DbgIndex":1,
        "shading":"phong",
        "DbgName":"MatMap",
        "colorDiffuse":[0.8,0.8,0.8],
        "visible":true,
        "depthTest":true,
        "wireframe":false,
        "blending":"NormalBlending",
        "opacity":1,
        "specularCoef":50,
        "depthWrite":true,
        "colorSpecular":[0.5,0.5,0.5],
        "DbgColor":15597568
    },{
        "transparent":false,
        "colorEmissive":[0,0,0],
        "DbgIndex":0,
        "shading":"phong",
        "DbgName":"MatStd",
        "colorDiffuse":[0.4,0.4,0.4],
        "visible":true,
        "depthTest":true,
        "wireframe":false,
        "blending":"NormalBlending",
        "opacity":1,
        "specularCoef":50,
        "depthWrite":true,
        "colorSpecular":[0.3,0.3,0.3],
        "DbgColor":15658734
    }],
    "uvs":[[0.292234,1.0057,-0.004497,0.710672,-0.005701,0.292234,0.289328,-0.004497,0.707766,-0.005701,1.0045,0.289328,1.0057,0.707766,0.710672,1.0045,0.5,1,0.853553,0.853553,1,0.5,0.853553,0.146447,0.5,0,0.146447,0.146447,0,0.5,0.146447,0.853553,0,0,1,0,1,1,0,1]]
}