{
    "materials":[{
        "shading":"phong",
        "transparent":false,
        "colorEmissive":[0,0,0],
        "blending":"NormalBlending",
        "depthWrite":true,
        "opacity":1,
        "colorDiffuse":[0.25,0.25,0.25],
        "wireframe":false,
        "DbgIndex":0,
        "DbgColor":15658734,
        "visible":true,
        "depthTest":true,
        "DbgName":"Street_Lamp_Mat",
        "colorSpecular":[0.269412,0.269412,0.269412],
        "specularCoef":100
    }],
    "vertices":[0.260176,14.5284,0.007702,0.230617,13.5899,-0.011199,0.158798,14.5476,0.051684,0.873506,16.2409,0.014407,0.957222,16.1925,0.053119,0.362592,14.5183,0.04869,0.344846,13.5797,0.034164,0.521721,-0.292936,0.09634,0.420667,-0.291567,-0.138891,0.182507,-0.29039,-0.233574,0.117859,14.5569,0.154989,0.790773,16.2888,0.055867,1.57765,17.158,0.053606,2.3334,17.8548,0.044993,3.45392,18.5697,0.037177,1.64485,17.0909,0.014599,2.38983,17.7782,0.005721,3.49607,18.4931,0.000196,4.3136,18.9884,0.037865,4.34155,18.9214,0.005657,3.53912,18.4162,0.035353,2.44605,17.7108,0.042821,1.71181,17.033,0.051212,5.4947,19.317,0.099337,5.49784,19.2902,0.028246,5.50525,19.2215,-0.001615,5.51722,19.1526,0.027365,4.37026,18.8445,0.036469,4.38298,18.8154,0.11231,3.55673,18.3774,0.122162,4.37212,18.8438,0.188707,3.54126,18.4154,0.209751,4.34419,18.9204,0.220959,3.4991,18.492,0.246738,4.31546,18.9877,0.190108,3.45606,18.5689,0.211585,2.39302,17.777,0.266622,2.33566,17.854,0.229513,5.52178,19.1155,0.098064,5.51866,19.1519,0.169234,5.50729,19.2206,0.199077,5.49929,19.2895,0.170111,0.347628,13.5787,0.261294,0.190716,-0.293396,0.435628,-0.047484,-0.292218,0.341097,0.120233,13.589,0.264543,-0.148538,-0.29085,0.105798,0.161314,14.5467,0.256982,0.349993,15.389,0.25187,0.793147,16.288,0.249299,1.55147,17.1864,0.145551,1.57989,17.1572,0.236454,1.64802,17.0897,0.273121,0.876854,16.2396,0.288021,0.442867,15.3598,0.290533,0.26374,14.5271,0.297975,0.365104,14.5174,0.253999,0.959596,16.1917,0.246561,1.71405,17.0322,0.234045,2.44831,17.71,0.227325,0.406038,14.5081,0.150727,0.993441,16.1633,0.149233,1.74023,17.0038,0.142149,2.46967,17.672,0.134598,0.426468,-0.293693,0.334412,9.41552,19.0861,-0.68488,9.44939,19.501,-0.007301,7.06552,19.5737,0.030093,9.63903,19.3473,-0.045944,9.41521,19.0383,0.839996,6.88849,19.3624,0.25305,6.88849,19.2393,-0.078565,8.26003,19.1541,-0.701186,6.91776,19.2369,-0.288116,9.5226,19.1155,0.632598,9.45059,19.5006,0.089516,7.06552,19.5732,0.12692,8.26,19.2327,0.433665,8.26001,19.1838,0.650347,7.08928,19.1099,0.872809,6.91826,19.323,0.466975,6.98739,19.2644,-0.515472,8.25998,19.3596,-0.113409,6.98695,19.1878,-0.503561,7.08957,19.1578,-0.717713,8.25998,19.4167,-0.023381,8.25998,19.5698,0.012578,8.25999,19.5694,0.109415,8.25999,19.416,0.144164,8.25999,19.3581,0.233676,8.26002,19.1063,0.856297,8.26001,19.2604,0.662329,8.26,19.3188,0.44804,8.25999,19.2351,-0.098002,8.25999,19.1964,-0.030022,8.25999,19.1956,0.148987,8.25999,19.2337,0.217169,9.44443,19.3551,0.124354,9.45058,19.3555,-0.04329,9.64013,19.1343,0.129039,9.63793,19.1351,-0.049931,6.88849,19.2007,-0.010663,6.88849,19.1999,0.168306,0.439514,15.3611,0.016924,0.532389,15.3318,0.055587,0.117451,13.59,0.037404,0.071695,13.5897,0.151676,-0.053285,-0.290093,-0.132201,0.347623,15.3899,0.058428,4.30274,19.0168,0.114262,0.310529,15.3992,0.155727,0.757478,16.3077,0.153151,3.43842,18.5981,0.124732,2.312,17.8832,0.137686,0.23454,13.5884,0.310014,0.534758,15.331,0.249024,0.571931,15.3121,0.151686,0.39338,13.5791,0.147104,9.62501,19.164,-0.24992,9.66643,19.2908,-0.133254,6.88849,19.3639,-0.093972,9.67067,19.2893,0.213762,8.26,19.3188,-0.283215,8.26001,19.2604,-0.497505,8.26002,19.1063,-0.691472,6.91826,19.323,-0.302151,9.67001,19.1648,0.197275,9.62501,19.164,0.414745,9.66615,19.1663,-0.117843,7.08928,19.1099,-0.707984,8.26001,19.1838,-0.485522,8.26,19.2327,-0.26884,6.88849,19.4208,-0.004642,7.08957,19.1578,0.882537,6.98695,19.1878,0.668386,6.98739,19.2644,0.680296,6.91776,19.2369,0.452941,9.5226,19.1155,-0.467774,9.41521,19.0383,-0.675171,9.6255,19.2502,-0.26394,9.52305,19.1921,-0.47969,6.88849,19.4201,0.162869,8.26003,19.1541,0.866011,9.41552,19.0861,0.849705,9.52305,19.1921,0.644514,9.6255,19.2502,0.428765,9.64109,19.3466,0.121581,6.88849,19.2379,0.236552,6.88849,19.3937,0.153219,6.88849,19.3164,0.182149,6.88849,19.2394,0.15233,6.88849,19.2108,0.081193,6.88849,19.2402,0.010465,6.88849,19.3175,-0.018544,6.88849,19.3945,0.011354,6.88849,19.4136,0.082412],