{
    "faces":[3,56,1,3,57,0,3,57,3,5,58,0,3,58,5,7,59,0,3,59,7,9,60,0,3,60,9,11,61,0,3,61,11,13,62,0,3,1,15,127,120,0,3,63,15,1,56,0,3,62,13,15,63,0,3,103,16,25,96,0,3,88,17,24,89,0,3,80,18,23,81,0,3,72,19,22,73,0,3,64,20,21,65,0,3,96,25,30,97,0,3,89,24,29,90,0,3,81,23,28,82,0,3,73,22,27,74,0,3,65,21,26,66,0,3,97,30,35,98,0,3,90,29,34,91,0,3,82,28,33,83,0,3,74,27,32,75,0,3,66,26,31,67,0,3,98,35,40,99,0,3,91,34,39,92,0,3,83,33,38,84,0,3,75,32,37,76,0,3,67,31,36,68,0,3,99,40,45,100,0,3,92,39,44,93,0,3,84,38,43,85,0,3,76,37,42,77,0,3,68,36,41,69,0,3,100,45,50,101,0,3,93,44,49,94,0,3,85,43,48,86,0,3,77,42,47,78,0,3,69,41,46,70,0,3,102,55,16,103,0,3,95,54,17,88,0,3,87,53,18,80,0,3,79,52,19,72,0,3,71,51,20,64,0,3,101,50,55,102,0,3,94,49,54,95,0,3,86,48,53,87,0,3,78,47,52,79,0,3,70,46,51,71,0,3,20,56,57,21,0,3,21,57,58,26,0,3,26,58,59,31,0,3,31,59,60,36,0,3,36,60,61,41,0,3,41,61,62,46,0,3,51,63,56,20,0,3,46,62,63,51,0,3,19,64,65,22,0,3,22,65,66,27,0,3,27,66,67,32,0,3,32,67,68,37,0,3,37,68,69,42,0,3,42,69,70,47,0,3,52,71,64,19,0,3,47,70,71,52,0,3,18,72,73,23,0,3,23,73,74,28,0,3,28,74,75,33,0,3,33,75,76,38,0,3,38,76,77,43,0,3,43,77,78,48,0,3,53,79,72,18,0,3,48,78,79,53,0,3,17,80,81,24,0,3,24,81,82,29,0,3,29,82,83,34,0,3,34,83,84,39,0,3,39,84,85,44,0,3,44,85,86,49,0,3,54,87,80,17,0,3,49,86,87,54,0,3,16,88,89,25,0,3,25,89,90,30,0,3,30,90,91,35,0,3,35,91,92,40,0,3,40,92,93,45,0,3,45,93,94,50,0,3,55,95,88,16,0,3,50,94,95,55,0,3,0,103,96,2,0,3,2,96,97,4,0,3,4,97,98,6,0,3,6,98,99,8,0,3,8,99,100,10,0,3,10,100,101,12,0,3,103,0,14,102,0,3,12,101,102,14,0,3,14,0,104,111,0,3,12,14,111,110,0,3,10,12,110,109,0,3,8,10,109,108,0,3,6,8,108,107,0,3,4,6,107,106,0,3,2,4,106,105,0,3,0,2,105,104,0,3,128,129,112,119,1,3,130,128,119,118,1,3,131,130,118,117,1,3,132,131,117,116,1,3,133,132,116,115,1,3,134,133,115,114,1,3,135,134,114,113,1,3,129,135,113,112,1,2,122,121,120,0,2,120,127,126,0,2,126,125,124,0,2,124,123,122,0,2,122,120,126,0,2,126,124,122,0,3,15,13,126,127,0,3,13,11,125,126,0,3,11,9,124,125,0,3,9,7,123,124,0,3,7,5,122,123,0,3,5,3,121,122,0,3,3,1,120,121,0,2,119,112,113,1,2,113,114,115,1,2,115,116,117,1,2,117,118,119,1,2,119,113,115,1,2,115,117,119,1,3,111,104,129,128,1,3,110,111,128,130,1,3,109,110,130,131,1,3,108,109,131,132,1,3,107,108,132,133,1,3,106,107,133,134,1,3,105,106,134,135,1,3,104,105,135,129,1],
    "vertices":[0,1.52206,-1.5,0,7.52206,-0.15,1.06066,1.52206,-1.06066,0.106066,7.52206,-0.106066,1.5,1.52206,0,0.15,7.52206,-0,1.06066,1.52206,1.06066,0.106066,7.52206,0.106066,-0,1.52206,1.5,-0,7.52206,0.15,-1.06066,1.52206,1.06066,-0.106066,7.52206,0.106066,-1.5,1.52206,-0,-0.15,7.52206,-0,-1.06066,1.52206,-1.06066,-0.106066,7.52206,-0.106066,0,2.52206,-1.275,0,3.52206,-1.05,0,4.52206,-0.825,0,5.52206,-0.6,0,6.52206,-0.375,0.265165,6.52206,-0.265165,0.424264,5.52206,-0.424264,0.583363,4.52206,-0.583363,0.742462,3.52206,-0.742462,0.901561,2.52206,-0.901561,0.375,6.52206,-0,0.6,5.52206,-0,0.825,4.52206,-0,1.05,3.52206,-0,1.275,2.52206,-0,0.265165,6.52206,0.265165,0.424264,5.52206,0.424264,0.583363,4.52206,0.583363,0.742462,3.52206,0.742462,0.901561,2.52206,0.901561,-0,6.52206,0.375,-0,5.52206,0.6,-0,4.52206,0.825,-0,3.52206,1.05,-0,2.52206,1.275,-0.265165,6.52206,0.265165,-0.424264,5.52206,0.424264,-0.583363,4.52206,0.583363,-0.742462,3.52206,0.742462,-0.901561,2.52206,0.901561,-0.375,6.52206,-0,-0.6,5.52206,-0,-0.825,4.52206,-0,-1.05,3.52206,-0,-1.275,2.52206,-0,-0.265165,6.52206,-0.265165,-0.424264,5.52206,-0.424264,-0.583363,4.52206,-0.583363,-0.742462,3.52206,-0.742462,-0.901561,2.52206,-0.901561,0,6.47477,-0.614732,0.420588,6.4325,-0.462647,0.586764,6.47477,-0,0.420588,6.4325,0.462647,-0,6.47477,0.614732,-0.420588,6.4325,0.462647,-0.586764,6.47477,-0,-0.420588,6.4325,-0.462647,0,5.4439,-0.994588,0.680479,5.38549,-0.748527,0.949339,5.4439,-0,0.680479,5.38549,0.748526,-0,5.4439,0.994588,-0.680479,5.38549,0.748526,-0.949339,5.4439,-0,-0.680479,5.38549,-0.748527,0,4.44893,-1.36756,0.935658,4.30962,-1.02922,1.30534,4.44893,-0,0.935658,4.30962,1.02922,-0,4.44893,1.36756,-0.935658,4.30962,1.02922,-1.30534,4.44893,-0,-0.935658,4.30962,-1.02922,0,3.42951,-1.74053,1.19084,3.22283,-1.30992,1.66134,3.42951,-0,1.19084,3.22283,1.30992,-0,3.42951,1.74053,-1.19084,3.22283,1.30992,-1.66134,3.42951,-0,-1.19084,3.22283,-1.30992,0,2.44763,-2.1135,1.44602,2.06794,-1.59062,2.01735,2.44763,-0,1.44602,2.06794,1.59062,-0,2.44763,2.1135,-1.44602,2.06794,1.59062,-2.01735,2.44763,-0,-1.44602,2.06794,-1.59062,1.63314,0.867634,-1.79646,2.37335,1.23992,0,1.63314,0.867635,1.79646,-0,1.23992,2.48647,-1.63314,0.867635,1.79646,-2.37335,1.23992,-0,-1.63314,0.867634,-1.79646,0,1.23992,-2.48647,0,1.76454,-0.537034,0.379741,1.76454,-0.379741,0.537034,1.76454,-0,0.379741,1.76454,0.37974,-0,1.76454,0.537034,-0.379741,1.76454,0.37974,-0.537034,1.76454,-0,-0.379741,1.76454,-0.379741,0,-0.014066,-0.537034,0.379741,-0.014066,-0.379741,0.537034,-0.014066,0,0.379741,-0.014066,0.379741,-0,-0.014066,0.537034,-0.379741,-0.014066,0.379741,-0.537034,-0.014066,-0,-0.379741,-0.014066,-0.379741,-0,7.61705,-0.019835,0.014025,7.61705,-0.014025,0.019834,7.61705,-0,0.014025,7.61705,0.014025,-0,7.61705,0.019834,-0.014025,7.61705,0.014025,-0.019834,7.61705,-0,-0.014025,7.61705,-0.014025,-0.341767,0.875237,-0.341767,-0,0.875237,-0.483331,-0.483331,0.875237,-0,-0.341767,0.875237,0.341766,-0,0.875237,0.483331,0.341766,0.875237,0.341766,0.483331,0.875237,-0,0.341766,0.875237,-0.341767],
    "metadata":{
        "vertices":136,
        "generator":"io_three",
        "faces":140,
        "materials":2,
        "type":"Geometry",
        "version":3
    },
    "materials":[{
        "specularCoef":50,
        "wireframe":false,
        "depthTest":true,
        "colorDiffuse":[0.060948,0.200127,0.016231],
        "DbgColor":15658734,
        "DbgIndex":0,
        "visible":true,
        "colorSpecular":[0.05,0.05,0.05],
        "transparent":false,
        "blending":"NormalBlending",
        "depthWrite":true,
        "colorEmissive":[0,0,0],
        "shading":"phong",
        "opacity":1,
        "DbgName":"Norm_Leaves"
    },{
        "specularCoef":50,
        "wireframe":false,
        "depthTest":true,
        "colorDiffuse":[0.132106,0.053301,0.020149],
        "DbgColor":15597568,
        "DbgIndex":1,
        "visible":true,
        "colorSpecular":[0.05,0.05,0.05],
        "transparent":false,
        "blending":"NormalBlending",
        "depthWrite":true,
        "colorEmissive":[0,0,0],
        "shading":"phong",
        "opacity":1,
        "DbgName":"Norm_Branches"
    }]
}